Drug,Gene,Marker_type,rsID,Allele,Function,Phenotype,Recommendation,CPIC_Level,Source,Disease
Warfarin,CYP2C9,Star allele,rs1799853,*2 (430C>T),Decreased function,Intermediate Metabolizer,"Уменьшите начальную дозу; используйте фармакогенетический алгоритм (например, IWPC). Пациентам с *1/*2 требуется снижение дозы на ~20%. Ожидается, что МНО будет стабильным в течение длительного времени.",A,CPIC 2017 / NCBI NBK84174,"Антикоагулянты для профилактики/лечения венозного тромбоза и тромбоэмболии легочной артерии, а также для профилактики тромбоэмболических осложнений при фибрилляции предсердий или замене сердечного клапана. (NCBI)"
Warfarin,CYP2C9,Star allele,rs1057910,*3 (1075A>C),Decreased function,Intermediate / Poor Metabolizer,"Значительно уменьшите начальную дозу; *1/*3 снижение составляет ~40%; *3/*3 может потребоваться 0,5–2 мг/сут. Высокий риск кровотечений. Требуется более частый контроль МНО.",A,CPIC 2017 / NCBI NBK84174,"Антикоагулянты для профилактики/лечения венозного тромбоза и тромбоэмболии легочной артерии, а также для профилактики тромбоэмболических осложнений при фибрилляции предсердий или замене сердечного клапана. (NCBI)"
Warfarin,CYP2C9,Star allele,rs28371686,*5 (1080C>G),Decreased function,Intermediate Metabolizer,Снижение дозы аналогично *3; наиболее актуально для пациентов африканского происхождения. Лечение по причине снижения функциональной активности аллеля.,B,CPIC 2017,"Антикоагулянты для профилактики/лечения венозного тромбоза и тромбоэмболии легочной артерии, а также для профилактики тромбоэмболических осложнений при фибрилляции предсердий или замене сердечного клапана. (NCBI)"
Warfarin,CYP2C9,Star allele,rs9332131,*6 (818delA),No function,Poor Metabolizer,Трактуется как нефункциональный аллель; аналогично *3/*3 в случае гетерозиготного соединения. Наиболее распространенный нефункциональный аллель у африканских предков.,B,CPIC 2017,"Антикоагулянты для профилактики/лечения венозного тромбоза и тромбоэмболии легочной артерии, а также для профилактики тромбоэмболических осложнений при фибрилляции предсердий или замене сердечного клапана. (NCBI)"
Warfarin,VKORC1,SNP,rs9923231,-1639G>A (c.-1639G>A),Reduced VKORC1 expression,Sensitive (low dose),"Генотип АА: начальная доза 3-4 мг/сут. GA: 3-7 мг/сут в зависимости от CYP2C9. GG: стандартные 5-7 мг/сут. VKORC1 является наиболее сильным генетическим фактором, влияющим на дозу варфарина.",A,FDA label 2017 / CPIC 2017,"Антикоагулянты для профилактики/лечения венозного тромбоза и тромбоэмболии легочной артерии, а также для профилактики тромбоэмболических осложнений при фибрилляции предсердий или замене сердечного клапана. (NCBI)"
Warfarin,CYP4F2,SNP,rs2108622,*3 (V433M; 1347C>T),Reduced vitamin K metabolism,Increased dose requirement,"Незначительный эффект: требуется увеличение дозы на ~0,5–1 мг/сут. Актуально для пациентов европейского и азиатского происхождения. Не отменяет рекомендации по CYP2C9/VKORC1.",B,CPIC 2017,"Антикоагулянты для профилактики/лечения венозного тромбоза и тромбоэмболии легочной артерии, а также для профилактики тромбоэмболических осложнений при фибрилляции предсердий или замене сердечного клапана. (NCBI)"
Clopidogrel,CYP2C19,Star allele,rs4244285,*2 (681G>A),No function (splicing defect),Intermediate / Poor Metabolizer,IM (*1/*2): рассмотрите альтернативные антитромбоцитарные препараты (прасугрел или тикагрелор) для лечения ОКС/ЧКВ. PM (*2/*2): используйте альтернативные антитромбоцитарные препараты; клопидогрел противопоказан при проведении КПК. Присутствует предупреждение FDA в упаковке.,A,CPIC 2022,"Антитромбоцитарная терапия для уменьшения тромботических осложнений после острого коронарного синдрома, инфаркта миокарда, ишемического инсульта или установленного заболевания периферических артерий. (Ежедневно)"
Clopidogrel,CYP2C19,Star allele,rs4986893,*3 (636G>A),No function,Poor Metabolizer,Используйте альтернативные антитромбоцитарные препараты (прасугрел/тикагрелор). Наиболее распространенный аллель LOF в популяциях Восточной Азии (редкий у европейцев).,A,CPIC 2022,"Антитромбоцитарная терапия для уменьшения тромботических осложнений после острого коронарного синдрома, инфаркта миокарда, ишемического инсульта или установленного заболевания периферических артерий. (Ежедневно)"
Clopidogrel,CYP2C19,Star allele,rs12248560,*17 (c.-806C>T),Increased function (promoter),Ultrarapid Metabolizer,*1/*17 = Быстрый метаболизатор; *17/*17 = Сверхбыстрый метаболизатор. Более высокие уровни активных метаболитов; неопределенный клинический эффект; стандартная доза клопидогреля подходит для каждого конкретного случая.,B/C,CPIC 2022,"Антитромбоцитарная терапия для уменьшения тромботических осложнений после острого коронарного синдрома, инфаркта миокарда, ишемического инсульта или установленного заболевания периферических артерий. (Ежедневно)"
Sertraline,CYP2C19,Star allele,rs4244285,*2 (681G>A),No function,Intermediate / Poor Metabolizer,ПМ (*2/*2 или *2/*3): уменьшите начальную дозу на 50%; повышается риск воздействия препарата. ПМ (*1/*2): рассмотрите возможность снижения дозы на 25% или усиления контроля. При необходимости рассмотрите альтернативные СИОЗС.,A,CPIC 2023 (Bousman et al.),"Депрессия и расстройства тревожного спектра: тяжелое депрессивное расстройство, обсессивно-компульсивное расстройство, паническое расстройство, ПТСР, социальное тревожное расстройство и предменструальное дисфорическое расстройство. (NCBI)"
Sertraline,CYP2C19,Star allele,rs12248560,*17 (c.-806C>T),Increased function,Ultrarapid Metabolizer,ЭМ: возможно снижение воздействия сертралина; стандартной дозы может быть недостаточно. Рассмотрите возможность увеличения дозы или применения альтернативного препарата под тщательным наблюдением.,A,CPIC 2023,"Депрессия и расстройства тревожного спектра: тяжелое депрессивное расстройство, обсессивно-компульсивное расстройство, паническое расстройство, ПТСР, социальное тревожное расстройство и предменструальное дисфорическое расстройство. (NCBI)"
Sertraline,CYP2B6,SNP,rs3745274,*6 (516G>T),Decreased function,Decreased metabolism,Комбинированное носительство CYP2C19 PM + CYP2B6 *6: повышенное воздействие сертралина. Рассмотрите возможность снижения дозы. Эффект одного гена CYP2B6 сам по себе незначителен.,B,CPIC 2023,"Депрессия и расстройства тревожного спектра: тяжелое депрессивное расстройство, обсессивно-компульсивное расстройство, паническое расстройство, ПТСР, социальное тревожное расстройство и предменструальное дисфорическое расстройство. (NCBI)"
Rosuvastatin,SLCO1B1,Star allele,rs4149056,*5 (521T>C; Val174Ala),Decreased transport function,Decreased Function / Poor Function,"Снижение: рассмотрите возможность снижения начальной дозы (например, ≤20 мг/сут) или альтернативного приема статинов (правастатин, флувастатин). Ухудшение функции (*5/*5): переход на статины с меньшим риском; высокий риск развития САМС.",A,CPIC 2022,"Гиперхолестеринемия/ дислипидемия и снижение сердечно-сосудистого риска, включая снижение риска развития ишемической болезни сердца у взрослых из группы высокого риска.(DailyMed)"
Rosuvastatin,ABCG2,SNP,rs2231142,Q141K (421C>A),Decreased efflux transport,Decreased Function,Гетерозиготные: умеренный риск развития САМС; ограничьте дозу розувастатина до ≤20 мг/сут. Гомозиготные (АА): высокий риск развития САМС; ограничьте дозу до ≤10 мг/сут или переключитесь на альтернативные статины.,A,CPIC 2022,"Гиперхолестеринемия/ дислипидемия и снижение сердечно-сосудистого риска, включая снижение риска развития ишемической болезни сердца у взрослых из группы высокого риска.(DailyMed)"
Simvastatin,SLCO1B1,Star allele,rs4149056,*5 (521T>C),Decreased transport function,Intermediate / Poor Function,"Снижение функции: принимайте симвастатин в дозе менее20 мг/сут или замените его на альтернативный препарат. Снижение функции (*5/*5): избегайте приема симвастатина в дозе 40-80 мг; замените его на правастатин, розувастатин или флувастатин. Самый высокий уровень доказательности для SAMS.",A,CPIC 2022,"Гиперхолестеринемия/ дислипидемия и снижение сердечно-сосудистого риска, включая снижение риска развития ишемической болезни сердца у взрослых из группы высокого риска.(DailyMed)"
Efavirenz,CYP2B6,Star allele,rs3745274,*6 (516G>T),Decreased function,Intermediate Metabolizer,"*1/*6 : промежуточный метаболизатор; стандартная доза 600 мг/сут, как правило, приемлема, но необходимо следить за токсичностью для ЦНС. Повышение концентрации эфавиренза в плазме крови.",B,CPIC 2019,"Заражение ВИЧ-1, как правило, в рамках комбинированной антиретровирусной терапии.(FDA Access Data)"
Efavirenz,CYP2B6,Star allele,rs28399499,*18 (983T>C),No function,Poor Metabolizer,"*6/*6, *6/*18, или *18/*18: плохой метаболизм. Значительно повышенный уровень эфавиренза; высокий риск токсического воздействия на ЦНС (бессонница, депрессия, психозы). Рассмотрите возможность снижения дозы до 400 мг/сут или перехода на режим приема ингибиторов интегразы.",A,CPIC 2019,"Заражение ВИЧ-1, как правило, в рамках комбинированной антиретровирусной терапии.(FDA Access Data)"
Efavirenz,CYP2B6,Star allele,rs3745274,*6/*6 diplotype,No function (homozygous),Poor Metabolizer,*6/*6 : наиболее распространенный диплотип ПМ; особенно распространен у пациентов африканского происхождения. При продолжении приема 400 мг в день настоятельно рекомендуется перейти на альтернативный препарат. Настоятельно рекомендуется CPIC.,A,CPIC 2019,"Заражение ВИЧ-1, как правило, в рамках комбинированной антиретровирусной терапии.(FDA Access Data)"
Efavirenz,CYP2B6,Star allele,rs28399499,*6/*6 diplotype,No function (homozygous),Poor Metabolizer,*6/*6 : наиболее распространенный диплотип ПМ; особенно распространен у пациентов африканского происхождения. При продолжении приема 400 мг в день настоятельно рекомендуется перейти на альтернативный препарат. Настоятельно рекомендуется CPIC.,A,CPIC 2019,"Заражение ВИЧ-1, как правило, в рамках комбинированной антиретровирусной терапии.(FDA Access Data)"
Voriconazole,CYP2C19,Star allele,rs4244285,*2 (681G>A),No function,Intermediate / Poor Metabolizer,"ПМ (*2/*2): значительно повышенный уровень вориконазола; высокий риск токсичности (нарушения зрения, нейротоксичность, гепатотоксичность). Рассмотрите возможность снижения дозы на 50% или дозирования в соответствии с TDM. Внутримышечно (*1/*2): наблюдение; возможно снижение дозы.",A,CPIC 2017 (Scott et al.),"Серьезные грибковые инфекции: инвазивный аспергиллез, кандидемия/глубокие кандидозные инфекции, кандидоз пищевода и серьезные инфекции, вызванные Scedosporium или Fusarium. (FDA Access Data)"
Voriconazole,CYP2C19,Star allele,rs12248560,*17 (c.-806C>T),Increased function,Ultrarapid Metabolizer,"Средние (*17/*17) или средние (*1/*17) концентрации вориконазола в плазме крови значительно снижены, что повышает риск неэффективности лечения. Рассмотрите возможность увеличения дозы до 4-5 мг/кг внутривенно или перехода на альтернативные противогрибковые препараты (позаконазол, изавуконазол).",A,CPIC 2017,"Серьезные грибковые инфекции: инвазивный аспергиллез, кандидемия/глубокие кандидозные инфекции, кандидоз пищевода и серьезные инфекции, вызванные Scedosporium или Fusarium. (FDA Access Data)"
Tacrolimus,CYP3A5,Star allele,rs776746,*3 (6986A>G; splicing),No function (non-expresser),Poor Metabolizer (non-expresser),"*3/*3 (не экспрессирующий): стандартная начальная доза такролимуса (0,1 мг/кг/сут); достигаются типичные минимальные концентрации. Большинство европейцев *3/*3.",A,CPIC 2015 (Birdwell et al.),"Иммуносупрессия после трансплантации органов, особенно почек, печени, сердца или легких, для предотвращения отторжения. (Данные из доступа FDA)"
Tacrolimus,CYP3A5,Star allele,rs776746 ,*1 (wild-type),Normal function (expresser),Intermediate / Extensive Metabolizer (expresser),"*1/*3 (Внутримышечно) или *1/*1 (внутримышечно): значительно ускоряет метаболизм такролимуса; увеличьте начальную дозу в 1,5–2 раза (максимум до 0,3 мг/кг/сут). Для достижения терапевтического уровня требуется частое повышение концентрации TDM (5-15 нг/мл для почек).",A,CPIC 2015,"Иммуносупрессия после трансплантации органов, особенно почек, печени, сердца или легких, для предотвращения отторжения. (Данные из доступа FDA)"
Tacrolimus,CYP3A5,Star allele,rs10264272,*6 (14690G>A),Decreased function,Intermediate Metabolizer,*6 носителей: промежуточный экспрессирующий фенотип. Лечение аналогично *1/*3. Чаще встречается у пациентов африканского происхождения.,B,CPIC 2015,"Иммуносупрессия после трансплантации органов, особенно почек, печени, сердца или легких, для предотвращения отторжения. (Данные из доступа FDA)"
Tacrolimus,CYP3A5,Star allele,rs41303343,*7 (c.CYP3A5*7),No function,Poor Metabolizer,*7/*7 или соединение с *3: неэкспрессант; стандартная доза. Чаще встречается у пациентов африканского происхождения.,B,CPIC 2015,"Иммуносупрессия после трансплантации органов, особенно почек, печени, сердца или легких, для предотвращения отторжения. (Данные из доступа FDA)"
Isoniazid,NAT2,SNP (haplotype-based),rs1801280,341T>C (Ile114Thr),Decreased function allele,Slow Acetylator,"Медленные ацетиляторы (гаплотипы*5, *6, *7, содержащие этот SNP): повышенный уровень изониазида в плазме крови; повышенный риск лекарственной гепатотоксичности (DILI) и периферической нейропатии. Добавляйте пиридоксин (витамин В6). Рассмотрите возможность снижения дозы или усиления контроля за функцией печени.",A,CPIC / WHO; Nat Genet 2014,Лечение активного туберкулеза в составе комбинированной терапии и профилактика латентной туберкулезной инфекции. (HRES PDF)
Isoniazid,NAT2,SNP (haplotype-based),rs1799930,590G>A (Arg197Gln),Decreased function allele,Slow Acetylator,Ключевой SNP для гаплотипа NAT2 *6 (наиболее распространенный медленный аллель у европейцев/африканцев). Гомозиготный медленный ацетилятор: риск гепатотоксичности в 3-4 раза выше. Контролируйте уровень LFT; рассмотрите возможность коррекции дозы.,A,CPIC / WHO,Лечение активного туберкулеза в составе комбинированной терапии и профилактика латентной туберкулезной инфекции. (HRES PDF)
Isoniazid,NAT2,SNP (haplotype-based),rs1799931,857G>A (Gly286Glu),Decreased function allele,Slow Acetylator,"Ключевой SNP для гаплотипа NAT2 *7 (распространенного в азиатских популяциях). Медленный ацетилятор: те же клинические последствия, что и для 590G>A.",A,CPIC / WHO,Лечение активного туберкулеза в составе комбинированной терапии и профилактика латентной туберкулезной инфекции. (HRES PDF)
Isoniazid,NAT2,SNP (haplotype-based),rs1041983,282C>T (Tyr94Tyr; synonymous),Tag for slow allele,Slow Acetylator (linked),"Комбинированная панель из 4 SNP (rs1801279 + rs1801280 + rs1799930 + rs1799931) обеспечивает точность определения фенотипа на уровне 98,4%. Быстрые ацетиляторы могут иметь субтерапевтический эффект и приводить к неэффективности лечения туберкулеза.",A,PubMed 22092036,Лечение активного туберкулеза в составе комбинированной терапии и профилактика латентной туберкулезной инфекции. (HRES PDF)
Ivacaftor,CFTR,SNP (gain-of-function mutation),rs75527207,G551D (c.1652G>A; Gly551Asp),Gating defect (class III),Ivacaftor-responsive mutation,"Назначьте ивакафтор (Kalydeco); убедительные клинические данные, полученные в ходе исследований третьей фазы. ОФВ1 улучшается на ~10-17,5% через 24 недели. Для получения ответа требуется как минимум одна копия G551D.",A,CPIC 2014 / FDA label,"Муковисцидоз у пациентов с ivacaftor-зависимыми мутациями CFTR, такими как G551D, S549N, S1251N и т.д. (Данные, доступные FDA)"
Ivacaftor,CFTR,SNP,rs75527207 ,G1244E / G1349D / G178R / G551S / S1251N / S1255P / S549N / S549R,Gating defect (class III),Ivacaftor-responsive,"На этикетке, одобренной FDA (2019), указано 38 вариантов. Препарат Ивакафтор показан любому пациенту с мутацией чувствительной стробирующей системы или остаточной функциональной активностью. Перед назначением препарата настоятельно рекомендуется использовать подход, основанный на определении генотипа.",A,CPIC 2014 updated 2019 / FDA,"Муковисцидоз у пациентов с ivacaftor-зависимыми мутациями CFTR, такими как G551D, S549N, S1251N и т.д. (Данные, доступные FDA)"
Ivacaftor,CFTR,SNP,rs113993960,F508del (c.1521_1523delCTT),Processing defect (class II),NOT responsive to ivacaftor alone,"Гомозигота по F508del: монотерапия ивакафтором не показана. Требуется комбинированная терапия (например, ивакафтор/тезакафтор/элексакафтор = Трикафта). НЕ назначайте ивакафтор отдельно.",A,CPIC 2014 / FDA,"Муковисцидоз у пациентов с ivacaftor-зависимыми мутациями CFTR, такими как G551D, S549N, S1251N и т.д. (Данные, доступные FDA)"
Allopurinol,HLA-B,HLA allele,N/A,HLA-B*58:01,Immune-mediated hypersensitivity,High risk of severe cutaneous adverse reactions (SCAR),"HLA-B*58:01 НОСИТЕЛЬ: аллопуринол ПРОТИВОПОКАЗАН (настоятельно рекомендуется CPIC). Используйте альтернативные препараты: фебуксостат или бензбромарон при подагре. Риск заражения SJS/TEN и DRESS у носителей примерно в 100 раз выше. Перед началом обследования рекомендуется пройти скрининг у китайцев, корейцев, тайцев, вьетнамцев и афроамериканцев.",A,CPIC 2013/2015 (Hershfield et al.) / NCBI NBK127547,"Лечение заболеваний, связанных с подагрой / гиперурикемией; также используется при состояниях с высоким содержанием мочевой кислоты, таких как риск лизиса опухоли или рецидива мочекислых камней в почках. Не рекомендуется только при бессимптомной гиперурикемии. (Данные FDA)"
Allopurinol,HLA-B,HLA allele,N/A,HLA-B*58:01 absent (negative),Normal,Normal risk,"HLA-B*58:01 отрицательный: аллопуринол можно принимать в стандартной дозировке. Начните с 100 мг в день, постепенно снижайте дозу до достижения целевого уровня уратов в сыворотке крови <6 мг/дл. Дозировку корректируйте в зависимости от функции почек.",A,CPIC 2015,"Лечение заболеваний, связанных с подагрой / гиперурикемией; также используется при состояниях с высоким содержанием мочевой кислоты, таких как риск лизиса опухоли или рецидива мочекислых камней в почках. Не рекомендуется только при бессимптомной гиперурикемии. (Данные FDA)"
Ibuprofen,CYP2C9,Star allele,rs1057910,*3 (1075A>C),Decreased function,Poor Metabolizer,*3/*3 или *2/*3: значительно сниженный клиренс ибупрофена; высокий риск ЖКТ-кровотечений и почечной недостаточности. Снизьте дозу на 50% или используйте альтернативный анальгетик (парацетамол). Избегайте длительного применения.,B,CPIC / PharmGKB PA450626,"НПВС для лечения боли, воспаления и лихорадки; применяется при артрите, дисменорее, головной боли."
Ameprozole,CYP2C19,Star allele,rs4244285,*2 (681G>A),No function,Intermediate / Poor Metabolizer,PM (*2/*2): концентрация омепразола повышена в 3-5 раз; высокая эффективность подавления кислоты. Стандартная доза (20-40 мг/сут) обычно достаточна или может быть снижена. Рассмотрите снижение дозы при длительной терапии.,A,CPIC 2021 (Furuta et al.),"Ингибитор протонной помпы для лечения ГЭРБ, язвенной болезни, H. pylori, синдрома Золлингера-Эллисона."
Ameprozole,CYP2C19,Star allele,rs12248560,*17 (c.-806C>T),Increased function,Ultrarapid Metabolizer,UM (*17/*17): значительно сниженная экспозиция омепразола; риск неэффективности лечения ГЭРБ и H. pylori. Увеличьте дозу до 40-80 мг/сут или перейдите на рабепразол/эзомепразол (менее зависимы от CYP2C19).,A,CPIC 2021,"Ингибитор протонной помпы для лечения ГЭРБ, язвенной болезни, H. pylori, синдрома Золлингера-Эллисона."
Diazepam,CYP2C19,Star allele,rs4244285,*2 (681G>A),No function,Intermediate / Poor Metabolizer,"PM (*2/*2): клиренс диазепама снижен; период полувыведения увеличен до 70-120 ч. Риск накопления и чрезмерной седации. Снизьте дозу на 25-50%, увеличьте интервал между приёмами. Усиленное наблюдение за пациентом.",B,PharmGKB PA449075 / DPWG,"Бензодиазепин для лечения тревоги, эпилепсии, мышечных спазмов, синдрома отмены алкоголя."
Diazepam,CYP2C19,Star allele,rs12248560,*17 (c.-806C>T),Increased function,Ultrarapid Metabolizer,UM (*17/*17): ускоренный метаболизм диазепама; сниженная эффективность стандартных доз. Возможно потребуется увеличение дозы под контролем клинического ответа. Рассмотрите альтернативные бензодиазепины.,B,PharmGKB PA449075,"Бензодиазепин для лечения тревоги, эпилепсии, мышечных спазмов, синдрома отмены алкоголя."
Diazepam,CYP3A4,SNP,rs35599367,*22 (CYP3A4*22; c.522-191C>T),Decreased function,Decreased Metabolism,CYP3A4*22 носители: умеренное снижение метаболизма диазепама. Клинически значимо в сочетании с CYP2C19 PM. Наблюдение за признаками чрезмерной седации.,C,DPWG 2021,"Бензодиазепин для лечения тревоги, эпилепсии, мышечных спазмов, синдрома отмены алкоголя."
Amphetamine,CYP2D6,Star allele,rs3892097,*4 (1846G>A),No function,Poor Metabolizer,"PM (*4/*4 или *4/LOF): сниженный метаболизм амфетамина; повышена концентрация в плазме; риск сердечно-сосудистых побочных эффектов (тахикардия, гипертензия). Снижение дозы и усиленный мониторинг сердечно-сосудистой системы.",B,PharmGKB PA448543 / FDA label ADHD,Психостимулятор для лечения СДВГ и нарколепсии.
Amphetamine,CYP2D6,Star allele,rs35742686,*3 (2549delA),No function,Poor Metabolizer,Нефункциональный аллель; в комбинации с *4 или другими LOF аллелями даёт PM-фенотип. Аналогичные рекомендации по снижению дозы и мониторингу.,B,PharmGKB PA448543,Психостимулятор для лечения СДВГ и нарколепсии.
Amphetamine,CYP2D6,Copy Number Variation,rs5030655 ,CYP2D6 duplication (*1xN или *2xN),Increased function,Ultrarapid Metabolizer,UM: быстрый метаболизм амфетамина; снижена эффективность стандартных доз. Рассмотрите увеличение дозы под клиническим контролем или смену препарата.,C,PharmGKB PA448543,Психостимулятор для лечения СДВГ и нарколепсии.
Codeine,CYP2D6,Star allele,rs3892097,*4 (1846G>A),No function,Poor Metabolizer,"PM: кодеин не конвертируется в морфин; отсутствие анальгетического эффекта. Противопоказан как анальгетик. Используйте ненаркотические анальгетики или прямые опиоиды (морфин, гидроморфон). ПРЕДУПРЕЖДЕНИЕ FDA.",A,CPIC 2014 (Crews et al.) / FDA Black Box Warning,Опиоидный анальгетик и противокашлевое средство.
Codeine,CYP2D6,Copy Number Variation,rs5030655 ,CYP2D6 duplication (*1xN/*2xN),Increased function,Ultrarapid Metabolizer,UM: сверхбыстрая конверсия кодеина в морфин; риск опасной для жизни токсичности морфином (угнетение дыхания). ПРОТИВОПОКАЗАН. Использовать только ненаркотические альтернативы. FDA Black Box Warning особенно для кормящих матерей и детей.,A,CPIC 2014 / FDA Black Box Warning,Опиоидный анальгетик и противокашлевое средство.
Codeine,CYP2D6,Star allele,rs35742686,*3 (2549delA),No function,Poor Metabolizer,Нефункциональный аллель; PM в комбинации с другими LOF аллелями. Нет конверсии кодеина в морфин; использовать альтернативы.,A,CPIC 2014,Опиоидный анальгетик и противокашлевое средство.
Rabiprozole,CYP2C19,Star allele,rs4244285,*2 (681G>A),No function,Intermediate / Poor Metabolizer,PM (*2/*2): рабепразол в меньшей степени зависит от CYP2C19 по сравнению с другими ИПП; клинически значимые изменения минимальны. Стандартная доза 20 мг/сут обычно достаточна. Мониторинг симптомов ГЭРБ.,B,PharmGKB PA451100 / DPWG,"Ингибитор протонной помпы для лечения ГЭРБ, язвенной болезни, H. pylori."
Rabiprozole,CYP2C19,Star allele,rs12248560,*17 (c.-806C>T),Increased function,Ultrarapid Metabolizer,"UM (*17/*17): умеренное снижение экспозиции рабепразола, менее выраженное чем у омепразола. При неэффективности терапии рассмотрите увеличение дозы до 40 мг/сут или смену препарата.",B,PharmGKB PA451100,"Ингибитор протонной помпы для лечения ГЭРБ, язвенной болезни, H. pylori."
Rabiprozole,CYP2C19,Star allele,rs4986893,*3 (636G>A),No function,Poor Metabolizer,"PM (азиатские популяции): аналогично *2/*2. Повышенная экспозиция рабепразола, но клинически менее значимо. Стандартные дозы обычно приемлемы.",B,DPWG 2021,"Ингибитор протонной помпы для лечения ГЭРБ, язвенной болезни, H. pylori."
Dronabinol,CYP2C9,Star allele,rs1799853,*2 (430C>T),Decreased function,Intermediate Metabolizer,"*1/*2 или *2/*2: сниженный метаболизм дронабинола; повышен риск психоактивных эффектов (эйфория, тревога, тахикардия). Снизьте начальную дозу и титруйте медленно. Усиленный мониторинг ЦНС-эффектов.",B,PharmGKB PA449200 / van Kuilenburg 2018,Синтетический ТГК для лечения тошноты при химиотерапии и стимуляции аппетита при ВИЧ/СПИД.
Dronabinol,CYP2C9,Star allele,rs1057910,*3 (1075A>C),Decreased function,Poor Metabolizer,"PM (*3/*3 или *2/*3): значительно замедленный клиренс дронабинола; риск накопления и усиленных психоактивных эффектов. Начинайте с минимальной дозы (2,5 мг) с тщательным наблюдением.",B,PharmGKB PA449200,Синтетический ТГК для лечения тошноты при химиотерапии и стимуляции аппетита при ВИЧ/СПИД.
Dronabinol,CYP3A4,SNP,rs35599367,*22 (CYP3A4*22),Decreased function,Decreased Metabolism,CYP3A4*22: умеренное снижение метаболизма дронабинола. Клинически значимо при совместном применении с ингибиторами CYP3A4. Мониторинг побочных эффектов.,C,PharmGKB PA449200,Синтетический ТГК для лечения тошноты при химиотерапии и стимуляции аппетита при ВИЧ/СПИД.
Sulfasalazine,TPMT,Star allele,rs1800462,*2 (238G>C; Ala80Pro),No function,Intermediate / Poor Metabolizer,"Гетерозиготные носители: умеренно сниженный метаболизм сульфасалазина; повышен риск гематологической токсичности (лейкопения, тромбоцитопения). Снизьте дозу и мониторируйте ОАК регулярно. PM (гомозиготы): избегайте сульфасалазина.",B,CPIC / PharmGKB PA451060,"ДМАРП для лечения ревматоидного артрита, воспалительных заболеваний кишечника (ВЗК), анкилозирующего спондилита."
Sulfasalazine,TPMT,Star allele,rs1800460,*3A (460G>A),Decreased function,Intermediate Metabolizer,*3A - наиболее распространённый сниженный аллель TPMT у европейцев. Промежуточные метаболизаторы: снижение дозы на 30-50%; мониторинг ОАК каждые 2-4 недели в начале терапии.,B,CPIC / PharmGKB PA451060,"ДМАРП для лечения ревматоидного артрита, воспалительных заболеваний кишечника (ВЗК), анкилозирующего спондилита."
Sulfasalazine,G6PD,Functional variant,rs1050828,G6PD B- (202G>A; Val68Met),No function / Deficient,G6PD Deficient,"G6PD-дефицитные пациенты: значительно повышен риск гемолитической анемии при применении сульфасалазина. Сульфасалазин ПРОТИВОПОКАЗАН при тяжёлом дефиците G6PD. Используйте альтернативные ДМАРП (метотрексат, гидроксихлорохин).",A,CPIC G6PD 2014 / FDA label,"ДМАРП для лечения ревматоидного артрита, воспалительных заболеваний кишечника (ВЗК), анкилозирующего спондилита."
Nebivalol,CYP2D6,Star allele,rs3892097,*4 (1846G>A),No function,Poor Metabolizer,"PM (*4/*4 или *4/LOF): значительно повышена концентрация небиволола в плазме; усиленные бета-блокирующие эффекты (брадикардия, гипотензия). Снизьте дозу на 50% и контролируйте ЧСС/АД. Начинайте с 1,25-2,5 мг/сут.",B,DPWG 2021 / PharmGKB PA450483,Бета1-селективный блокатор для лечения артериальной гипертензии и хронической сердечной недостаточности.
Nebivalol,CYP2D6,Star allele,rs35742686,*3 (2549delA),No function,Poor Metabolizer,Нефункциональный аллель; в комбинации с *4 даёт PM-фенотип. Аналогичные рекомендации по снижению дозы и мониторингу ЧСС.,B,DPWG 2021,Бета1-селективный блокатор для лечения артериальной гипертензии и хронической сердечной недостаточности.
Nebivalol,CYP2D6,Copy Number Variation,rs5030655 ,CYP2D6 duplication (*1xN/*2xN),Increased function,Ultrarapid Metabolizer,"UM: ускоренный метаболизм небиволола; сниженная эффективность. Стандартные дозы могут оказаться недостаточными. Рассмотрите увеличение дозы или смену бета-блокатора (атенолол, метопролол).",C,DPWG 2021,Бета1-селективный блокатор для лечения артериальной гипертензии и хронической сердечной недостаточности.
Lovastatin,SLCO1B1,Star allele,rs4149056,*5 (521T>C; Val174Ala),Decreased transport function,Decreased / Poor Function,"*5 носители: сниженный печёночный захват ловастатина; повышен риск статин-ассоциированной миопатии (САМС). Ограничьте дозу до 20 мг/сут. При *5/*5: используйте альтернативный статин (правастатин, розувастатин) с учётом SLCO1B1-профиля.",A,CPIC 2022 (Ramsey et al.),Статин для лечения гиперхолестеринемии и снижения риска ССЗ.
Lovastatin,CYP3A4,SNP,rs35599367,*22 (CYP3A4*22),Decreased function,Decreased Metabolism,"CYP3A4*22 носители: умеренное снижение метаболизма ловастатина; повышена экспозиция. Риск миопатии возрастает, особенно при высоких дозах. Ограничьте дозу 40 мг/сут.",B,DPWG / PharmGKB PA450299,Статин для лечения гиперхолестеринемии и снижения риска ССЗ.
Mirabegron,CYP2D6,Star allele,rs3892097,*4 (1846G>A),No function,Poor Metabolizer,"PM (*4/*4): повышена AUC мирабегрона; умеренный риск побочных эффектов (тахикардия, гипертензия). Снижение дозы до 25 мг/сут. Контроль АД и ЧСС.",B,DPWG 2021 / PharmGKB PA166185570,Бета3-адреноагонист для лечения гиперактивного мочевого пузыря (ГМП).
Mirabegron,CYP3A4,SNP,rs35599367,*22 (CYP3A4*22),Decreased function,Decreased Metabolism,CYP3A4*22 носители: умеренное повышение экспозиции мирабегрона. Клинически значимо при совместном применении с ингибиторами CYP3A4. Мониторинг АД и ЧСС.,C,PharmGKB PA166185570,Бета3-адреноагонист для лечения гиперактивного мочевого пузыря (ГМП).
Tamsulosin,CYP2D6,Star allele,rs3892097,*4 (1846G>A),No function,Poor Metabolizer,"PM (*4/*4): значительно повышена концентрация тамсулозина в плазме; риск ортостатической гипотензии и синдрома интраоперационной вялой радужки (IFIS). Снизьте дозу до 0,2 мг/сут. Предупредите хирурга-офтальмолога перед операцией на катаракте.",B,DPWG 2021 / PharmGKB PA451597,Альфа1А-адреноблокатор для лечения доброкачественной гиперплазии предстательной железы (ДГПЖ).
Tamsulosin,CYP2D6,Copy Number Variation,rs5030655 ,CYP2D6 duplication (*1xN/*2xN),Increased function,Ultrarapid Metabolizer,"UM: сниженная экспозиция тамсулозина; возможная недостаточная эффективность. Рассмотрите увеличение дозы до 0,8 мг/сут или смену альфа-блокатора (алфузозин, силодозин).",C,DPWG 2021,Альфа1А-адреноблокатор для лечения доброкачественной гиперплазии предстательной железы (ДГПЖ).
Tamsulosin,CYP3A4,SNP,rs35599367,*22 (CYP3A4*22),Decreased function,Decreased Metabolism,CYP3A4*22 носители: умеренное повышение экспозиции тамсулозина. В комбинации с CYP2D6 PM даёт значительное накопление препарата. Мониторинг АД.,C,DPWG 2021,Альфа1А-адреноблокатор для лечения доброкачественной гиперплазии предстательной железы (ДГПЖ).
Voriconazole,CYP2C19,Star allele,rs4986893,*3 (636G>A),No function,Poor Metabolizer,"PM (особенно актуально для азиатских популяций, где *3 распространён): значительно повышена концентрация вориконазола; риск токсичности аналогичен *2/*2. Снижение дозы на 50% или TDM-контроль.",A,CPIC 2017 (Scott et al.),"Серьёзные грибковые инфекции: инвазивный аспергиллёз, кандидемия, кандидоз пищевода, инфекции Scedosporium/Fusarium."
Celecoxib,CYP2C9,Star allele,rs1799853,*2 (430C>T),Decreased function,Intermediate Metabolizer,*1/*2: умеренное снижение метаболизма целекоксиба; повышена экспозиция. Снижение дозы на 25% или более частый мониторинг. Риск кардиоваскулярных и ЖКТ-эффектов выше при накоплении.,A,CPIC 2020 (Theken et al.),"Селективный ингибитор ЦОГ-2 для лечения боли, остеоартрита, ревматоидного артрита, анкилозирующего спондилита."
Celecoxib,CYP2C9,Star allele,rs1057910,*3 (1075A>C),Decreased function,Poor Metabolizer,PM (*3/*3 или *2/*3): значительно повышена AUC целекоксиба (до 3-4 раз); высокий риск кардиоваскулярных и почечных побочных эффектов. Снизьте дозу на 50% или используйте альтернативный НПВС. Избегайте высоких доз.,A,CPIC 2020,"Селективный ингибитор ЦОГ-2 для лечения боли, остеоартрита, ревматоидного артрита, анкилозирующего спондилита."
Piroxicam,CYP2C9,Star allele,rs1799853,*2 (430C>T),Decreased function,Intermediate Metabolizer,*1/*2: умеренно повышена экспозиция пироксикама; риск ЖКТ-токсичности и кровотечения. Пироксикам имеет очень длительный T1/2 (~50 ч); у IM снижение дозы особенно важно. Используйте минимальную эффективную дозу.,B,DPWG 2021 / PharmGKB PA450671,"НПВС для лечения остеоартрита, ревматоидного артрита и других воспалительных состояний."
Piroxicam,CYP2C9,Star allele,rs1057910,*3 (1075A>C),Decreased function,Poor Metabolizer,PM (*3/*3): значительно снижен клиренс пироксикама; высокий риск тяжёлой ЖКТ-токсичности и почечной недостаточности. Пироксикам ПРОТИВОПОКАЗАН у PM. Используйте альтернативный НПВС (напроксен) или парацетамол.,A,DPWG 2021,"НПВС для лечения остеоартрита, ревматоидного артрита и других воспалительных состояний."
Karisoprodol,CYP2C19,Star allele,rs4244285,*2 (681G>A),No function,Intermediate / Poor Metabolizer,"PM (*2/*2): значительно повышена концентрация карисопродола; риск накопления и чрезмерной седации, атаксии. Снизьте дозу и предупредите об усиленном угнетении ЦНС. PM не следует принимать карисопродол длительно.",B,DPWG 2021 / PharmGKB PA448432,Миорелаксант для краткосрочного облегчения боли и дискомфорта при острых мышечно-скелетных состояниях.
Ibuprofen,CYP2C9,Star allele,rs1057910,*3 (1075A>C),Decreased function,Poor Metabolizer,*3/*3 или *2/*3: значительно сниженный клиренс ибупрофена; высокий риск ЖКТ-кровотечений и почечной недостаточности. Снизьте дозу на 50% или используйте альтернативный анальгетик (парацетамол). Избегайте длительного применения.,B,CPIC / PharmGKB PA450627,"НПВС для лечения боли, воспаления и лихорадки; применяется при артрите, дисменорее, головной боли."